,count,unique,top,freq,mean,std,min,25%,50%,75%,max
version,745.0,,,,1.6999999999999997,2.221937783412026e-16,1.7,1.7,1.7,1.7,1.7
wmc,745.0,,,,11.071140939597315,11.975963243309883,0.0,4.0,7.0,14.0,120.0
dit,745.0,,,,2.5221476510067116,1.3988688612851112,1.0,1.0,2.0,4.0,7.0
noc,745.0,,,,0.7315436241610739,4.800356831051172,0.0,0.0,0.0,0.0,102.0
cbo,745.0,,,,11.046979865771812,26.34314900696363,0.0,4.0,6.0,11.0,499.0
rfc,745.0,,,,34.36241610738255,36.02497169398511,0.0,11.0,23.0,43.0,288.0
lcom,745.0,,,,89.14765100671141,349.9375554095431,0.0,0.0,6.0,53.0,6692.0
ca,745.0,,,,5.65503355704698,25.814223168137563,0.0,0.0,1.0,4.0,498.0
ce,745.0,,,,5.746308724832215,5.653176425239482,0.0,2.0,4.0,8.0,37.0
npm,745.0,,,,8.36510067114094,9.331318855477699,0.0,3.0,6.0,10.0,103.0
lcom3,745.0,,,,1.0133422121476512,0.6190150817818242,0.0,0.666666667,0.833333333,1.5,2.0
loc,745.0,,,,280.07114093959734,411.872075396359,0.0,52.0,143.0,323.0,4541.0
dam,745.0,,,,0.6448552875140939,0.43813786342264366,0.0,0.0,1.0,1.0,1.0
moa,745.0,,,,0.7261744966442953,1.4265811814823077,0.0,0.0,0.0,1.0,11.0
mfa,745.0,,,,0.5099679550899329,0.3986956658657991,0.0,0.0,0.681818182,0.869918699,1.0
cam,745.0,,,,0.4746852894510067,0.25993100868694385,0.0,0.26984127,0.4375,0.666666667,1.0
ic,745.0,,,,0.7208053691275168,0.9389478187965222,0.0,0.0,0.0,1.0,5.0
cbm,745.0,,,,1.312751677852349,2.332602283441306,0.0,0.0,0.0,2.0,19.0
amc,745.0,,,,23.640870486110067,76.98607860610288,0.0,9.066666667,16.4,28.0,2052.0
max_cc,745.0,,,,4.669798657718121,6.276853116016971,0.0,1.0,3.0,6.0,53.0
avg_cc,745.0,,,,1.3660530201342282,0.881739207533471,0.0,0.8571,1.1429,1.6667,6.7778
bug,745.0,,,,0.45369127516778524,1.1386727966778716,0.0,0.0,0.0,0.0,10.0
name.1_org.apache.tools.ant.AntTypeDefinition,745,2,False,744,,,,,,,
name.1_org.apache.tools.ant.BuildEvent,745,2,False,744,,,,,,,
name.1_org.apache.tools.ant.BuildException,745,2,False,744,,,,,,,
name.1_org.apache.tools.ant.BuildListener,745,2,False,744,,,,,,,
name.1_org.apache.tools.ant.BuildLogger,745,2,False,744,,,,,,,
name.1_org.apache.tools.ant.ComponentHelper,745,2,False,744,,,,,,,
name.1_org.apache.tools.ant.DefaultLogger,745,2,False,744,,,,,,,
name.1_org.apache.tools.ant.DemuxInputStream,745,2,False,744,,,,,,,
name.1_org.apache.tools.ant.DemuxOutputStream,745,2,False,744,,,,,,,
name.1_org.apache.tools.ant.Diagnostics,745,2,False,744,,,,,,,
name.1_org.apache.tools.ant.DirectoryScanner,745,2,False,744,,,,,,,
name.1_org.apache.tools.ant.DynamicAttribute,745,2,False,744,,,,,,,
name.1_org.apache.tools.ant.DynamicAttributeNS,745,2,False,744,,,,,,,
name.1_org.apache.tools.ant.DynamicConfigurator,745,2,False,744,,,,,,,
name.1_org.apache.tools.ant.DynamicConfiguratorNS,745,2,False,744,,,,,,,
name.1_org.apache.tools.ant.DynamicElement,745,2,False,744,,,,,,,
name.1_org.apache.tools.ant.DynamicElementNS,745,2,False,744,,,,,,,
name.1_org.apache.tools.ant.Executor,745,2,False,744,,,,,,,
name.1_org.apache.tools.ant.ExitException,745,2,False,744,,,,,,,
name.1_org.apache.tools.ant.ExitStatusException,745,2,False,744,,,,,,,
name.1_org.apache.tools.ant.FileScanner,745,2,False,744,,,,,,,
name.1_org.apache.tools.ant.IntrospectionHelper,745,2,False,744,,,,,,,
name.1_org.apache.tools.ant.Location,745,2,False,744,,,,,,,
name.1_org.apache.tools.ant.MagicNames,745,2,False,744,,,,,,,
name.1_org.apache.tools.ant.Main,745,2,False,744,,,,,,,
name.1_org.apache.tools.ant.NoBannerLogger,745,2,False,744,,,,,,,
name.1_org.apache.tools.ant.PathTokenizer,745,2,False,744,,,,,,,
name.1_org.apache.tools.ant.Project,745,2,False,744,,,,,,,
name.1_org.apache.tools.ant.ProjectComponent,745,2,False,744,,,,,,,
name.1_org.apache.tools.ant.ProjectHelper,745,2,False,744,,,,,,,
name.1_org.apache.tools.ant.PropertyHelper,745,2,False,744,,,,,,,
name.1_org.apache.tools.ant.RuntimeConfigurable,745,2,False,744,,,,,,,
name.1_org.apache.tools.ant.SubBuildListener,745,2,False,744,,,,,,,
name.1_org.apache.tools.ant.Target,745,2,False,744,,,,,,,
name.1_org.apache.tools.ant.Task,745,2,False,744,,,,,,,
name.1_org.apache.tools.ant.TaskAdapter,745,2,False,744,,,,,,,
name.1_org.apache.tools.ant.TaskContainer,745,2,False,744,,,,,,,
name.1_org.apache.tools.ant.TypeAdapter,745,2,False,744,,,,,,,
name.1_org.apache.tools.ant.UnknownElement,745,2,False,744,,,,,,,
name.1_org.apache.tools.ant.UnsupportedAttributeException,745,2,False,744,,,,,,,
name.1_org.apache.tools.ant.UnsupportedElementException,745,2,False,744,,,,,,,
name.1_org.apache.tools.ant.XmlLogger,745,2,False,744,,,,,,,
name.1_org.apache.tools.ant.dispatch.DispatchTask,745,2,False,744,,,,,,,
name.1_org.apache.tools.ant.dispatch.DispatchUtils,745,2,False,744,,,,,,,
name.1_org.apache.tools.ant.dispatch.Dispatchable,745,2,False,744,,,,,,,
name.1_org.apache.tools.ant.filters.BaseFilterReader,745,2,False,744,,,,,,,
name.1_org.apache.tools.ant.filters.BaseParamFilterReader,745,2,False,744,,,,,,,
name.1_org.apache.tools.ant.filters.ChainableReader,745,2,False,744,,,,,,,
name.1_org.apache.tools.ant.filters.ClassConstants,745,2,False,744,,,,,,,
name.1_org.apache.tools.ant.filters.ConcatFilter,745,2,False,744,,,,,,,
name.1_org.apache.tools.ant.filters.EscapeUnicode,745,2,False,744,,,,,,,
name.1_org.apache.tools.ant.filters.ExpandProperties,745,2,False,744,,,,,,,
name.1_org.apache.tools.ant.filters.FixCrLfFilter,745,2,False,744,,,,,,,
name.1_org.apache.tools.ant.filters.HeadFilter,745,2,False,744,,,,,,,
name.1_org.apache.tools.ant.filters.LineContains,745,2,False,744,,,,,,,
name.1_org.apache.tools.ant.filters.LineContainsRegExp,745,2,False,744,,,,,,,
name.1_org.apache.tools.ant.filters.PrefixLines,745,2,False,744,,,,,,,
name.1_org.apache.tools.ant.filters.ReplaceTokens,745,2,False,744,,,,,,,
name.1_org.apache.tools.ant.filters.StringInputStream,745,2,False,744,,,,,,,
name.1_org.apache.tools.ant.filters.StripJavaComments,745,2,False,744,,,,,,,
name.1_org.apache.tools.ant.filters.StripLineBreaks,745,2,False,744,,,,,,,
name.1_org.apache.tools.ant.filters.StripLineComments,745,2,False,744,,,,,,,
name.1_org.apache.tools.ant.filters.TabsToSpaces,745,2,False,744,,,,,,,
name.1_org.apache.tools.ant.filters.TailFilter,745,2,False,744,,,,,,,
name.1_org.apache.tools.ant.filters.TokenFilter,745,2,False,744,,,,,,,
name.1_org.apache.tools.ant.filters.util.ChainReaderHelper,745,2,False,744,,,,,,,
name.1_org.apache.tools.ant.filters.util.JavaClassHelper,745,2,False,744,,,,,,,
name.1_org.apache.tools.ant.helper.AntXMLContext,745,2,False,744,,,,,,,
name.1_org.apache.tools.ant.helper.DefaultExecutor,745,2,False,744,,,,,,,
name.1_org.apache.tools.ant.helper.ProjectHelper2,745,2,False,744,,,,,,,
name.1_org.apache.tools.ant.helper.ProjectHelperImpl,745,2,False,744,,,,,,,
name.1_org.apache.tools.ant.helper.SingleCheckExecutor,745,2,False,744,,,,,,,
name.1_org.apache.tools.ant.input.DefaultInputHandler,745,2,False,744,,,,,,,
name.1_org.apache.tools.ant.input.GreedyInputHandler,745,2,False,744,,,,,,,
name.1_org.apache.tools.ant.input.InputHandler,745,2,False,744,,,,,,,
name.1_org.apache.tools.ant.input.InputRequest,745,2,False,744,,,,,,,
name.1_org.apache.tools.ant.input.MultipleChoiceInputRequest,745,2,False,744,,,,,,,
name.1_org.apache.tools.ant.input.PropertyFileInputHandler,745,2,False,744,,,,,,,
name.1_org.apache.tools.ant.launch.AntMain,745,2,False,744,,,,,,,
name.1_org.apache.tools.ant.launch.LaunchException,745,2,False,744,,,,,,,
name.1_org.apache.tools.ant.launch.Launcher,745,2,False,744,,,,,,,
name.1_org.apache.tools.ant.launch.Locator,745,2,False,744,,,,,,,
name.1_org.apache.tools.ant.listener.AnsiColorLogger,745,2,False,744,,,,,,,
name.1_org.apache.tools.ant.listener.CommonsLoggingListener,745,2,False,744,,,,,,,
name.1_org.apache.tools.ant.listener.Log4jListener,745,2,False,744,,,,,,,
name.1_org.apache.tools.ant.listener.MailLogger,745,2,False,744,,,,,,,
name.1_org.apache.tools.ant.listener.TimestampedLogger,745,2,False,744,,,,,,,
name.1_org.apache.tools.ant.loader.AntClassLoader2,745,2,False,744,,,,,,,
name.1_org.apache.tools.ant.taskdefs.AbstractCvsTask,745,2,False,744,,,,,,,
name.1_org.apache.tools.ant.taskdefs.AbstractJarSignerTask,745,2,False,744,,,,,,,
name.1_org.apache.tools.ant.taskdefs.Ant,745,2,False,744,,,,,,,
name.1_org.apache.tools.ant.taskdefs.AntStructure,745,2,False,744,,,,,,,
name.1_org.apache.tools.ant.taskdefs.Antlib,745,2,False,744,,,,,,,
name.1_org.apache.tools.ant.taskdefs.AntlibDefinition,745,2,False,744,,,,,,,
name.1_org.apache.tools.ant.taskdefs.Apt,745,2,False,744,,,,,,,
name.1_org.apache.tools.ant.taskdefs.Available,745,2,False,744,,,,,,,
name.1_org.apache.tools.ant.taskdefs.BUnzip2,745,2,False,744,,,,,,,
name.1_org.apache.tools.ant.taskdefs.BZip2,745,2,False,744,,,,,,,
name.1_org.apache.tools.ant.taskdefs.Basename,745,2,False,744,,,,,,,
name.1_org.apache.tools.ant.taskdefs.BuildNumber,745,2,False,744,,,,,,,
name.1_org.apache.tools.ant.taskdefs.CVSPass,745,2,False,744,,,,,,,
name.1_org.apache.tools.ant.taskdefs.CallTarget,745,2,False,744,,,,,,,
name.1_org.apache.tools.ant.taskdefs.Checksum,745,2,False,744,,,,,,,
name.1_org.apache.tools.ant.taskdefs.Chmod,745,2,False,744,,,,,,,
name.1_org.apache.tools.ant.taskdefs.Classloader,745,2,False,744,,,,,,,
name.1_org.apache.tools.ant.taskdefs.Concat,745,2,False,744,,,,,,,
name.1_org.apache.tools.ant.taskdefs.ConditionTask,745,2,False,744,,,,,,,
name.1_org.apache.tools.ant.taskdefs.Copy,745,2,False,744,,,,,,,
name.1_org.apache.tools.ant.taskdefs.CopyPath,745,2,False,744,,,,,,,
name.1_org.apache.tools.ant.taskdefs.Copydir,745,2,False,744,,,,,,,
name.1_org.apache.tools.ant.taskdefs.Copyfile,745,2,False,744,,,,,,,
name.1_org.apache.tools.ant.taskdefs.Cvs,745,2,False,744,,,,,,,
name.1_org.apache.tools.ant.taskdefs.DefBase,745,2,False,744,,,,,,,
name.1_org.apache.tools.ant.taskdefs.DefaultExcludes,745,2,False,744,,,,,,,
name.1_org.apache.tools.ant.taskdefs.Definer,745,2,False,744,,,,,,,
name.1_org.apache.tools.ant.taskdefs.Delete,745,2,False,744,,,,,,,
name.1_org.apache.tools.ant.taskdefs.Deltree,745,2,False,744,,,,,,,
name.1_org.apache.tools.ant.taskdefs.DependSet,745,2,False,744,,,,,,,
name.1_org.apache.tools.ant.taskdefs.DiagnosticsTask,745,2,False,744,,,,,,,
name.1_org.apache.tools.ant.taskdefs.Dirname,745,2,False,744,,,,,,,
name.1_org.apache.tools.ant.taskdefs.Ear,745,2,False,744,,,,,,,
name.1_org.apache.tools.ant.taskdefs.Echo,745,2,False,744,,,,,,,
name.1_org.apache.tools.ant.taskdefs.EchoXML,745,2,False,744,,,,,,,
name.1_org.apache.tools.ant.taskdefs.Exec,745,2,False,744,,,,,,,
name.1_org.apache.tools.ant.taskdefs.ExecTask,745,2,False,744,,,,,,,
name.1_org.apache.tools.ant.taskdefs.Execute,745,2,False,744,,,,,,,
name.1_org.apache.tools.ant.taskdefs.ExecuteJava,745,2,False,744,,,,,,,
name.1_org.apache.tools.ant.taskdefs.ExecuteOn,745,2,False,744,,,,,,,
name.1_org.apache.tools.ant.taskdefs.ExecuteStreamHandler,745,2,False,744,,,,,,,
name.1_org.apache.tools.ant.taskdefs.ExecuteWatchdog,745,2,False,744,,,,,,,
name.1_org.apache.tools.ant.taskdefs.Exit,745,2,False,744,,,,,,,
name.1_org.apache.tools.ant.taskdefs.Expand,745,2,False,744,,,,,,,
name.1_org.apache.tools.ant.taskdefs.Filter,745,2,False,744,,,,,,,
name.1_org.apache.tools.ant.taskdefs.FixCRLF,745,2,False,744,,,,,,,
name.1_org.apache.tools.ant.taskdefs.GUnzip,745,2,False,744,,,,,,,
name.1_org.apache.tools.ant.taskdefs.GZip,745,2,False,744,,,,,,,
name.1_org.apache.tools.ant.taskdefs.GenerateKey,745,2,False,744,,,,,,,
name.1_org.apache.tools.ant.taskdefs.Get,745,2,False,744,,,,,,,
name.1_org.apache.tools.ant.taskdefs.ImportTask,745,2,False,744,,,,,,,
name.1_org.apache.tools.ant.taskdefs.Input,745,2,False,744,,,,,,,
name.1_org.apache.tools.ant.taskdefs.JDBCTask,745,2,False,744,,,,,,,
name.1_org.apache.tools.ant.taskdefs.Jar,745,2,False,744,,,,,,,
name.1_org.apache.tools.ant.taskdefs.Java,745,2,False,744,,,,,,,
name.1_org.apache.tools.ant.taskdefs.Javac,745,2,False,744,,,,,,,
name.1_org.apache.tools.ant.taskdefs.Javadoc,745,2,False,744,,,,,,,
name.1_org.apache.tools.ant.taskdefs.Jikes,745,2,False,744,,,,,,,
name.1_org.apache.tools.ant.taskdefs.JikesOutputParser,745,2,False,744,,,,,,,
name.1_org.apache.tools.ant.taskdefs.KeySubst,745,2,False,744,,,,,,,
name.1_org.apache.tools.ant.taskdefs.Length,745,2,False,744,,,,,,,
name.1_org.apache.tools.ant.taskdefs.LoadFile,745,2,False,744,,,,,,,
name.1_org.apache.tools.ant.taskdefs.LoadProperties,745,2,False,744,,,,,,,
name.1_org.apache.tools.ant.taskdefs.LoadResource,745,2,False,744,,,,,,,
name.1_org.apache.tools.ant.taskdefs.LogOutputStream,745,2,False,744,,,,,,,
name.1_org.apache.tools.ant.taskdefs.LogStreamHandler,745,2,False,744,,,,,,,
name.1_org.apache.tools.ant.taskdefs.MacroDef,745,2,False,744,,,,,,,
name.1_org.apache.tools.ant.taskdefs.MacroInstance,745,2,False,744,,,,,,,
name.1_org.apache.tools.ant.taskdefs.MakeUrl,745,2,False,744,,,,,,,
name.1_org.apache.tools.ant.taskdefs.Manifest,745,2,False,744,,,,,,,
name.1_org.apache.tools.ant.taskdefs.ManifestClassPath,745,2,False,744,,,,,,,
name.1_org.apache.tools.ant.taskdefs.ManifestException,745,2,False,744,,,,,,,
name.1_org.apache.tools.ant.taskdefs.ManifestTask,745,2,False,744,,,,,,,
name.1_org.apache.tools.ant.taskdefs.MatchingTask,745,2,False,744,,,,,,,
name.1_org.apache.tools.ant.taskdefs.Mkdir,745,2,False,744,,,,,,,
name.1_org.apache.tools.ant.taskdefs.Move,745,2,False,744,,,,,,,
name.1_org.apache.tools.ant.taskdefs.Nice,745,2,False,744,,,,,,,
name.1_org.apache.tools.ant.taskdefs.Pack,745,2,False,744,,,,,,,
name.1_org.apache.tools.ant.taskdefs.Parallel,745,2,False,744,,,,,,,
name.1_org.apache.tools.ant.taskdefs.Patch,745,2,False,744,,,,,,,
name.1_org.apache.tools.ant.taskdefs.PathConvert,745,2,False,744,,,,,,,
name.1_org.apache.tools.ant.taskdefs.PreSetDef,745,2,False,744,,,,,,,
name.1_org.apache.tools.ant.taskdefs.ProcessDestroyer,745,2,False,744,,,,,,,
name.1_org.apache.tools.ant.taskdefs.Property,745,2,False,744,,,,,,,
name.1_org.apache.tools.ant.taskdefs.PumpStreamHandler,745,2,False,744,,,,,,,
name.1_org.apache.tools.ant.taskdefs.Recorder,745,2,False,744,,,,,,,
name.1_org.apache.tools.ant.taskdefs.RecorderEntry,745,2,False,744,,,,,,,
name.1_org.apache.tools.ant.taskdefs.Redirector,745,2,False,744,,,,,,,
name.1_org.apache.tools.ant.taskdefs.Rename,745,2,False,744,,,,,,,
name.1_org.apache.tools.ant.taskdefs.Replace,745,2,False,744,,,,,,,
name.1_org.apache.tools.ant.taskdefs.ResourceCount,745,2,False,744,,,,,,,
name.1_org.apache.tools.ant.taskdefs.Rmic,745,2,False,744,,,,,,,
name.1_org.apache.tools.ant.taskdefs.SQLExec,745,2,False,744,,,,,,,
name.1_org.apache.tools.ant.taskdefs.SendEmail,745,2,False,744,,,,,,,
name.1_org.apache.tools.ant.taskdefs.Sequential,745,2,False,744,,,,,,,
name.1_org.apache.tools.ant.taskdefs.SignJar,745,2,False,744,,,,,,,
name.1_org.apache.tools.ant.taskdefs.Sleep,745,2,False,744,,,,,,,
name.1_org.apache.tools.ant.taskdefs.StreamPumper,745,2,False,744,,,,,,,
name.1_org.apache.tools.ant.taskdefs.SubAnt,745,2,False,744,,,,,,,
name.1_org.apache.tools.ant.taskdefs.Sync,745,2,False,744,,,,,,,
name.1_org.apache.tools.ant.taskdefs.Tar,745,2,False,744,,,,,,,
name.1_org.apache.tools.ant.taskdefs.TaskOutputStream,745,2,False,744,,,,,,,
name.1_org.apache.tools.ant.taskdefs.Taskdef,745,2,False,744,,,,,,,
name.1_org.apache.tools.ant.taskdefs.TempFile,745,2,False,744,,,,,,,
name.1_org.apache.tools.ant.taskdefs.Touch,745,2,False,744,,,,,,,
name.1_org.apache.tools.ant.taskdefs.Transform,745,2,False,744,,,,,,,
name.1_org.apache.tools.ant.taskdefs.Tstamp,745,2,False,744,,,,,,,
name.1_org.apache.tools.ant.taskdefs.Typedef,745,2,False,744,,,,,,,
name.1_org.apache.tools.ant.taskdefs.Unpack,745,2,False,744,,,,,,,
name.1_org.apache.tools.ant.taskdefs.Untar,745,2,False,744,,,,,,,
name.1_org.apache.tools.ant.taskdefs.UpToDate,745,2,False,744,,,,,,,
name.1_org.apache.tools.ant.taskdefs.VerifyJar,745,2,False,744,,,,,,,
name.1_org.apache.tools.ant.taskdefs.WaitFor,745,2,False,744,,,,,,,
name.1_org.apache.tools.ant.taskdefs.War,745,2,False,744,,,,,,,
name.1_org.apache.tools.ant.taskdefs.WhichResource,745,2,False,744,,,,,,,
name.1_org.apache.tools.ant.taskdefs.XSLTLiaison,745,2,False,744,,,,,,,
name.1_org.apache.tools.ant.taskdefs.XSLTLiaison2,745,2,False,744,,,,,,,
name.1_org.apache.tools.ant.taskdefs.XSLTLiaison3,745,2,False,744,,,,,,,
name.1_org.apache.tools.ant.taskdefs.XSLTLogger,745,2,False,744,,,,,,,
name.1_org.apache.tools.ant.taskdefs.XSLTLoggerAware,745,2,False,744,,,,,,,
name.1_org.apache.tools.ant.taskdefs.XSLTProcess,745,2,False,744,,,,,,,
name.1_org.apache.tools.ant.taskdefs.XmlProperty,745,2,False,744,,,,,,,
name.1_org.apache.tools.ant.taskdefs.Zip,745,2,False,744,,,,,,,
name.1_org.apache.tools.ant.taskdefs.compilers.AptCompilerAdapter,745,2,False,744,,,,,,,
name.1_org.apache.tools.ant.taskdefs.compilers.AptExternalCompilerAdapter,745,2,False,744,,,,,,,
name.1_org.apache.tools.ant.taskdefs.compilers.CompilerAdapter,745,2,False,744,,,,,,,
name.1_org.apache.tools.ant.taskdefs.compilers.CompilerAdapterFactory,745,2,False,744,,,,,,,
name.1_org.apache.tools.ant.taskdefs.compilers.DefaultCompilerAdapter,745,2,False,744,,,,,,,
name.1_org.apache.tools.ant.taskdefs.compilers.Gcj,745,2,False,744,,,,,,,
name.1_org.apache.tools.ant.taskdefs.compilers.Javac12,745,2,False,744,,,,,,,
name.1_org.apache.tools.ant.taskdefs.compilers.Javac13,745,2,False,744,,,,,,,
name.1_org.apache.tools.ant.taskdefs.compilers.JavacExternal,745,2,False,744,,,,,,,
name.1_org.apache.tools.ant.taskdefs.compilers.Jikes,745,2,False,744,,,,,,,
name.1_org.apache.tools.ant.taskdefs.compilers.Jvc,745,2,False,744,,,,,,,
name.1_org.apache.tools.ant.taskdefs.compilers.Kjc,745,2,False,744,,,,,,,
name.1_org.apache.tools.ant.taskdefs.compilers.Sj,745,2,False,744,,,,,,,
name.1_org.apache.tools.ant.taskdefs.condition.And,745,2,False,744,,,,,,,
name.1_org.apache.tools.ant.taskdefs.condition.AntVersion,745,2,False,744,,,,,,,
name.1_org.apache.tools.ant.taskdefs.condition.Condition,745,2,False,744,,,,,,,
name.1_org.apache.tools.ant.taskdefs.condition.ConditionBase,745,2,False,744,,,,,,,
name.1_org.apache.tools.ant.taskdefs.condition.Contains,745,2,False,744,,,,,,,
name.1_org.apache.tools.ant.taskdefs.condition.Equals,745,2,False,744,,,,,,,
name.1_org.apache.tools.ant.taskdefs.condition.FilesMatch,745,2,False,744,,,,,,,
name.1_org.apache.tools.ant.taskdefs.condition.HasFreeSpace,745,2,False,744,,,,,,,
name.1_org.apache.tools.ant.taskdefs.condition.HasMethod,745,2,False,744,,,,,,,
name.1_org.apache.tools.ant.taskdefs.condition.Http,745,2,False,744,,,,,,,
name.1_org.apache.tools.ant.taskdefs.condition.IsFailure,745,2,False,744,,,,,,,
name.1_org.apache.tools.ant.taskdefs.condition.IsFalse,745,2,False,744,,,,,,,
name.1_org.apache.tools.ant.taskdefs.condition.IsFileSelected,745,2,False,744,,,,,,,
name.1_org.apache.tools.ant.taskdefs.condition.IsReachable,745,2,False,744,,,,,,,
name.1_org.apache.tools.ant.taskdefs.condition.IsReference,745,2,False,744,,,,,,,
name.1_org.apache.tools.ant.taskdefs.condition.IsSet,745,2,False,744,,,,,,,
name.1_org.apache.tools.ant.taskdefs.condition.IsSigned,745,2,False,744,,,,,,,
name.1_org.apache.tools.ant.taskdefs.condition.IsTrue,745,2,False,744,,,,,,,
name.1_org.apache.tools.ant.taskdefs.condition.Matches,745,2,False,744,,,,,,,
name.1_org.apache.tools.ant.taskdefs.condition.Not,745,2,False,744,,,,,,,
name.1_org.apache.tools.ant.taskdefs.condition.Or,745,2,False,744,,,,,,,
name.1_org.apache.tools.ant.taskdefs.condition.Os,745,2,False,744,,,,,,,
name.1_org.apache.tools.ant.taskdefs.condition.ParserSupports,745,2,False,744,,,,,,,
name.1_org.apache.tools.ant.taskdefs.condition.ResourcesMatch,745,2,False,744,,,,,,,
name.1_org.apache.tools.ant.taskdefs.condition.Socket,745,2,False,744,,,,,,,
name.1_org.apache.tools.ant.taskdefs.condition.TypeFound,745,2,False,744,,,,,,,
name.1_org.apache.tools.ant.taskdefs.condition.Xor,745,2,False,744,,,,,,,
name.1_org.apache.tools.ant.taskdefs.cvslib.CVSEntry,745,2,False,744,,,,,,,
name.1_org.apache.tools.ant.taskdefs.cvslib.ChangeLogParser,745,2,False,744,,,,,,,
name.1_org.apache.tools.ant.taskdefs.cvslib.ChangeLogTask,745,2,False,744,,,,,,,
name.1_org.apache.tools.ant.taskdefs.cvslib.ChangeLogWriter,745,2,False,744,,,,,,,
name.1_org.apache.tools.ant.taskdefs.cvslib.CvsTagDiff,745,2,False,744,,,,,,,
name.1_org.apache.tools.ant.taskdefs.cvslib.CvsTagEntry,745,2,False,744,,,,,,,
name.1_org.apache.tools.ant.taskdefs.cvslib.CvsUser,745,2,False,744,,,,,,,
name.1_org.apache.tools.ant.taskdefs.cvslib.CvsVersion,745,2,False,744,,,,,,,
name.1_org.apache.tools.ant.taskdefs.cvslib.RCSFile,745,2,False,744,,,,,,,
name.1_org.apache.tools.ant.taskdefs.cvslib.RedirectingOutputStream,745,2,False,744,,,,,,,
name.1_org.apache.tools.ant.taskdefs.cvslib.RedirectingStreamHandler,745,2,False,744,,,,,,,
name.1_org.apache.tools.ant.taskdefs.email.EmailAddress,745,2,False,744,,,,,,,
name.1_org.apache.tools.ant.taskdefs.email.EmailTask,745,2,False,744,,,,,,,
name.1_org.apache.tools.ant.taskdefs.email.Header,745,2,False,744,,,,,,,
name.1_org.apache.tools.ant.taskdefs.email.Mailer,745,2,False,744,,,,,,,
name.1_org.apache.tools.ant.taskdefs.email.Message,745,2,False,744,,,,,,,
name.1_org.apache.tools.ant.taskdefs.email.MimeMailer,745,2,False,744,,,,,,,
name.1_org.apache.tools.ant.taskdefs.email.PlainMailer,745,2,False,744,,,,,,,
name.1_org.apache.tools.ant.taskdefs.email.UUMailer,745,2,False,744,,,,,,,
name.1_org.apache.tools.ant.taskdefs.optional.ANTLR,745,2,False,744,,,,,,,
name.1_org.apache.tools.ant.taskdefs.optional.Cab,745,2,False,744,,,,,,,
name.1_org.apache.tools.ant.taskdefs.optional.EchoProperties,745,2,False,744,,,,,,,
name.1_org.apache.tools.ant.taskdefs.optional.Javah,745,2,False,744,,,,,,,
name.1_org.apache.tools.ant.taskdefs.optional.Native2Ascii,745,2,False,744,,,,,,,
name.1_org.apache.tools.ant.taskdefs.optional.PropertyFile,745,2,False,744,,,,,,,
name.1_org.apache.tools.ant.taskdefs.optional.RenameExtensions,745,2,False,744,,,,,,,
name.1_org.apache.tools.ant.taskdefs.optional.ReplaceRegExp,745,2,False,744,,,,,,,
name.1_org.apache.tools.ant.taskdefs.optional.Rpm,745,2,False,744,,,,,,,
name.1_org.apache.tools.ant.taskdefs.optional.SchemaValidate,745,2,False,744,,,,,,,
name.1_org.apache.tools.ant.taskdefs.optional.Script,745,2,False,744,,,,,,,
name.1_org.apache.tools.ant.taskdefs.optional.TraXLiaison,745,2,False,744,,,,,,,
name.1_org.apache.tools.ant.taskdefs.optional.XMLValidateTask,745,2,False,744,,,,,,,
name.1_org.apache.tools.ant.taskdefs.optional.ccm.CCMCheck,745,2,False,744,,,,,,,
name.1_org.apache.tools.ant.taskdefs.optional.ccm.CCMCheckin,745,2,False,744,,,,,,,
name.1_org.apache.tools.ant.taskdefs.optional.ccm.CCMCheckinDefault,745,2,False,744,,,,,,,
name.1_org.apache.tools.ant.taskdefs.optional.ccm.CCMCheckout,745,2,False,744,,,,,,,
name.1_org.apache.tools.ant.taskdefs.optional.ccm.CCMCreateTask,745,2,False,744,,,,,,,
name.1_org.apache.tools.ant.taskdefs.optional.ccm.CCMReconfigure,745,2,False,744,,,,,,,
name.1_org.apache.tools.ant.taskdefs.optional.ccm.Continuus,745,2,False,744,,,,,,,
name.1_org.apache.tools.ant.taskdefs.optional.clearcase.CCCheckin,745,2,False,744,,,,,,,
name.1_org.apache.tools.ant.taskdefs.optional.clearcase.CCCheckout,745,2,False,744,,,,,,,
name.1_org.apache.tools.ant.taskdefs.optional.clearcase.CCLock,745,2,False,744,,,,,,,
name.1_org.apache.tools.ant.taskdefs.optional.clearcase.CCMkattr,745,2,False,744,,,,,,,
name.1_org.apache.tools.ant.taskdefs.optional.clearcase.CCMkbl,745,2,False,744,,,,,,,
name.1_org.apache.tools.ant.taskdefs.optional.clearcase.CCMkdir,745,2,False,744,,,,,,,
name.1_org.apache.tools.ant.taskdefs.optional.clearcase.CCMkelem,745,2,False,744,,,,,,,
name.1_org.apache.tools.ant.taskdefs.optional.clearcase.CCMklabel,745,2,False,744,,,,,,,
name.1_org.apache.tools.ant.taskdefs.optional.clearcase.CCMklbtype,745,2,False,744,,,,,,,
name.1_org.apache.tools.ant.taskdefs.optional.clearcase.CCRmtype,745,2,False,744,,,,,,,
name.1_org.apache.tools.ant.taskdefs.optional.clearcase.CCUnCheckout,745,2,False,744,,,,,,,
name.1_org.apache.tools.ant.taskdefs.optional.clearcase.CCUnlock,745,2,False,744,,,,,,,
name.1_org.apache.tools.ant.taskdefs.optional.clearcase.CCUpdate,745,2,False,744,,,,,,,
name.1_org.apache.tools.ant.taskdefs.optional.clearcase.ClearCase,745,2,False,744,,,,,,,
name.1_org.apache.tools.ant.taskdefs.optional.depend.AntAnalyzer,745,2,False,744,,,,,,,
name.1_org.apache.tools.ant.taskdefs.optional.depend.ClassFile,745,2,False,744,,,,,,,
name.1_org.apache.tools.ant.taskdefs.optional.depend.ClassFileIterator,745,2,False,744,,,,,,,
name.1_org.apache.tools.ant.taskdefs.optional.depend.ClassFileUtils,745,2,False,744,,,,,,,
name.1_org.apache.tools.ant.taskdefs.optional.depend.Depend,745,2,False,744,,,,,,,
name.1_org.apache.tools.ant.taskdefs.optional.depend.DirectoryIterator,745,2,False,744,,,,,,,
name.1_org.apache.tools.ant.taskdefs.optional.depend.JarFileIterator,745,2,False,744,,,,,,,
name.1_org.apache.tools.ant.taskdefs.optional.depend.constantpool.ClassCPInfo,745,2,False,744,,,,,,,
name.1_org.apache.tools.ant.taskdefs.optional.depend.constantpool.ConstantCPInfo,745,2,False,744,,,,,,,
name.1_org.apache.tools.ant.taskdefs.optional.depend.constantpool.ConstantPool,745,2,False,744,,,,,,,
name.1_org.apache.tools.ant.taskdefs.optional.depend.constantpool.ConstantPoolEntry,745,2,False,744,,,,,,,
name.1_org.apache.tools.ant.taskdefs.optional.depend.constantpool.DoubleCPInfo,745,2,False,744,,,,,,,
name.1_org.apache.tools.ant.taskdefs.optional.depend.constantpool.FieldRefCPInfo,745,2,False,744,,,,,,,
name.1_org.apache.tools.ant.taskdefs.optional.depend.constantpool.FloatCPInfo,745,2,False,744,,,,,,,
name.1_org.apache.tools.ant.taskdefs.optional.depend.constantpool.IntegerCPInfo,745,2,False,744,,,,,,,
name.1_org.apache.tools.ant.taskdefs.optional.depend.constantpool.InterfaceMethodRefCPInfo,745,2,False,744,,,,,,,
name.1_org.apache.tools.ant.taskdefs.optional.depend.constantpool.LongCPInfo,745,2,False,744,,,,,,,
name.1_org.apache.tools.ant.taskdefs.optional.depend.constantpool.MethodRefCPInfo,745,2,False,744,,,,,,,
name.1_org.apache.tools.ant.taskdefs.optional.depend.constantpool.NameAndTypeCPInfo,745,2,False,744,,,,,,,
name.1_org.apache.tools.ant.taskdefs.optional.depend.constantpool.StringCPInfo,745,2,False,744,,,,,,,
name.1_org.apache.tools.ant.taskdefs.optional.depend.constantpool.Utf8CPInfo,745,2,False,744,,,,,,,
name.1_org.apache.tools.ant.taskdefs.optional.dotnet.CSharp,745,2,False,744,,,,,,,
name.1_org.apache.tools.ant.taskdefs.optional.dotnet.DotnetBaseMatchingTask,745,2,False,744,,,,,,,
name.1_org.apache.tools.ant.taskdefs.optional.dotnet.DotnetCompile,745,2,False,744,,,,,,,
name.1_org.apache.tools.ant.taskdefs.optional.dotnet.DotnetDefine,745,2,False,744,,,,,,,
name.1_org.apache.tools.ant.taskdefs.optional.dotnet.DotnetResource,745,2,False,744,,,,,,,
name.1_org.apache.tools.ant.taskdefs.optional.dotnet.Ilasm,745,2,False,744,,,,,,,
name.1_org.apache.tools.ant.taskdefs.optional.dotnet.Ildasm,745,2,False,744,,,,,,,
name.1_org.apache.tools.ant.taskdefs.optional.dotnet.ImportTypelib,745,2,False,744,,,,,,,
name.1_org.apache.tools.ant.taskdefs.optional.dotnet.JSharp,745,2,False,744,,,,,,,
name.1_org.apache.tools.ant.taskdefs.optional.dotnet.NetCommand,745,2,False,744,,,,,,,
name.1_org.apache.tools.ant.taskdefs.optional.dotnet.VisualBasicCompile,745,2,False,744,,,,,,,
name.1_org.apache.tools.ant.taskdefs.optional.dotnet.WsdlToDotnet,745,2,False,744,,,,,,,
name.1_org.apache.tools.ant.taskdefs.optional.ejb.BorlandDeploymentTool,745,2,False,744,,,,,,,
name.1_org.apache.tools.ant.taskdefs.optional.ejb.BorlandGenerateClient,745,2,False,744,,,,,,,
name.1_org.apache.tools.ant.taskdefs.optional.ejb.DescriptorHandler,745,2,False,744,,,,,,,
name.1_org.apache.tools.ant.taskdefs.optional.ejb.EJBDeploymentTool,745,2,False,744,,,,,,,
name.1_org.apache.tools.ant.taskdefs.optional.ejb.EjbJar,745,2,False,744,,,,,,,
name.1_org.apache.tools.ant.taskdefs.optional.ejb.GenericDeploymentTool,745,2,False,744,,,,,,,
name.1_org.apache.tools.ant.taskdefs.optional.ejb.IPlanetDeploymentTool,745,2,False,744,,,,,,,
name.1_org.apache.tools.ant.taskdefs.optional.ejb.IPlanetEjbc,745,2,False,744,,,,,,,
name.1_org.apache.tools.ant.taskdefs.optional.ejb.IPlanetEjbcTask,745,2,False,744,,,,,,,
name.1_org.apache.tools.ant.taskdefs.optional.ejb.InnerClassFilenameFilter,745,2,False,744,,,,,,,
name.1_org.apache.tools.ant.taskdefs.optional.ejb.JbossDeploymentTool,745,2,False,744,,,,,,,
name.1_org.apache.tools.ant.taskdefs.optional.ejb.JonasDeploymentTool,745,2,False,744,,,,,,,
name.1_org.apache.tools.ant.taskdefs.optional.ejb.WeblogicDeploymentTool,745,2,False,744,,,,,,,
name.1_org.apache.tools.ant.taskdefs.optional.ejb.WeblogicTOPLinkDeploymentTool,745,2,False,744,,,,,,,
name.1_org.apache.tools.ant.taskdefs.optional.ejb.WebsphereDeploymentTool,745,2,False,744,,,,,,,
name.1_org.apache.tools.ant.taskdefs.optional.extension.Compatability,745,2,False,744,,,,,,,
name.1_org.apache.tools.ant.taskdefs.optional.extension.Compatibility,745,2,False,744,,,,,,,
name.1_org.apache.tools.ant.taskdefs.optional.extension.DeweyDecimal,745,2,False,744,,,,,,,
name.1_org.apache.tools.ant.taskdefs.optional.extension.Extension,745,2,False,744,,,,,,,
name.1_org.apache.tools.ant.taskdefs.optional.extension.ExtensionAdapter,745,2,False,744,,,,,,,
name.1_org.apache.tools.ant.taskdefs.optional.extension.ExtensionResolver,745,2,False,744,,,,,,,
name.1_org.apache.tools.ant.taskdefs.optional.extension.ExtensionSet,745,2,False,744,,,,,,,
name.1_org.apache.tools.ant.taskdefs.optional.extension.ExtensionUtil,745,2,False,744,,,,,,,
name.1_org.apache.tools.ant.taskdefs.optional.extension.ExtraAttribute,745,2,False,744,,,,,,,
name.1_org.apache.tools.ant.taskdefs.optional.extension.JarLibAvailableTask,745,2,False,744,,,,,,,
name.1_org.apache.tools.ant.taskdefs.optional.extension.JarLibDisplayTask,745,2,False,744,,,,,,,
name.1_org.apache.tools.ant.taskdefs.optional.extension.JarLibManifestTask,745,2,False,744,,,,,,,
name.1_org.apache.tools.ant.taskdefs.optional.extension.JarLibResolveTask,745,2,False,744,,,,,,,
name.1_org.apache.tools.ant.taskdefs.optional.extension.LibFileSet,745,2,False,744,,,,,,,
name.1_org.apache.tools.ant.taskdefs.optional.extension.LibraryDisplayer,745,2,False,744,,,,,,,
name.1_org.apache.tools.ant.taskdefs.optional.extension.Specification,745,2,False,744,,,,,,,
name.1_org.apache.tools.ant.taskdefs.optional.extension.resolvers.AntResolver,745,2,False,744,,,,,,,
name.1_org.apache.tools.ant.taskdefs.optional.extension.resolvers.LocationResolver,745,2,False,744,,,,,,,
name.1_org.apache.tools.ant.taskdefs.optional.extension.resolvers.URLResolver,745,2,False,744,,,,,,,
name.1_org.apache.tools.ant.taskdefs.optional.i18n.Translate,745,2,False,744,,,,,,,
name.1_org.apache.tools.ant.taskdefs.optional.j2ee.AbstractHotDeploymentTool,745,2,False,744,,,,,,,
name.1_org.apache.tools.ant.taskdefs.optional.j2ee.GenericHotDeploymentTool,745,2,False,744,,,,,,,
name.1_org.apache.tools.ant.taskdefs.optional.j2ee.HotDeploymentTool,745,2,False,744,,,,,,,
name.1_org.apache.tools.ant.taskdefs.optional.j2ee.JonasHotDeploymentTool,745,2,False,744,,,,,,,
name.1_org.apache.tools.ant.taskdefs.optional.j2ee.ServerDeploy,745,2,False,744,,,,,,,
name.1_org.apache.tools.ant.taskdefs.optional.j2ee.WebLogicHotDeploymentTool,745,2,False,744,,,,,,,
name.1_org.apache.tools.ant.taskdefs.optional.javacc.JJDoc,745,2,False,744,,,,,,,
name.1_org.apache.tools.ant.taskdefs.optional.javacc.JJTree,745,2,False,744,,,,,,,
name.1_org.apache.tools.ant.taskdefs.optional.javacc.JavaCC,745,2,False,744,,,,,,,
name.1_org.apache.tools.ant.taskdefs.optional.javah.JavahAdapter,745,2,False,744,,,,,,,
name.1_org.apache.tools.ant.taskdefs.optional.javah.JavahAdapterFactory,745,2,False,744,,,,,,,
name.1_org.apache.tools.ant.taskdefs.optional.javah.Kaffeh,745,2,False,744,,,,,,,
name.1_org.apache.tools.ant.taskdefs.optional.javah.SunJavah,745,2,False,744,,,,,,,
name.1_org.apache.tools.ant.taskdefs.optional.jdepend.JDependTask,745,2,False,744,,,,,,,
name.1_org.apache.tools.ant.taskdefs.optional.jlink.ClassNameReader,745,2,False,744,,,,,,,
name.1_org.apache.tools.ant.taskdefs.optional.jlink.ConstantPool,745,2,False,744,,,,,,,
name.1_org.apache.tools.ant.taskdefs.optional.jlink.JlinkTask,745,2,False,744,,,,,,,
name.1_org.apache.tools.ant.taskdefs.optional.jlink.jlink,745,2,False,744,,,,,,,
name.1_org.apache.tools.ant.taskdefs.optional.jsp.Jasper41Mangler,745,2,False,744,,,,,,,
name.1_org.apache.tools.ant.taskdefs.optional.jsp.JspC,745,2,False,744,,,,,,,
name.1_org.apache.tools.ant.taskdefs.optional.jsp.JspMangler,745,2,False,744,,,,,,,
name.1_org.apache.tools.ant.taskdefs.optional.jsp.JspNameMangler,745,2,False,744,,,,,,,
name.1_org.apache.tools.ant.taskdefs.optional.jsp.WLJspc,745,2,False,744,,,,,,,
name.1_org.apache.tools.ant.taskdefs.optional.jsp.compilers.DefaultJspCompilerAdapter,745,2,False,744,,,,,,,
name.1_org.apache.tools.ant.taskdefs.optional.jsp.compilers.JasperC,745,2,False,744,,,,,,,
name.1_org.apache.tools.ant.taskdefs.optional.jsp.compilers.JspCompilerAdapter,745,2,False,744,,,,,,,
name.1_org.apache.tools.ant.taskdefs.optional.jsp.compilers.JspCompilerAdapterFactory,745,2,False,744,,,,,,,
name.1_org.apache.tools.ant.taskdefs.optional.junit.AggregateTransformer,745,2,False,744,,,,,,,
name.1_org.apache.tools.ant.taskdefs.optional.junit.ArrayEnumeration,745,2,False,744,,,,,,,
name.1_org.apache.tools.ant.taskdefs.optional.junit.BriefJUnitResultFormatter,745,2,False,744,,,,,,,
name.1_org.apache.tools.ant.taskdefs.optional.junit.CompoundEnumeration,745,2,False,744,,,,,,,
name.1_org.apache.tools.ant.taskdefs.optional.junit.Constants,745,2,False,744,,,,,,,
name.1_org.apache.tools.ant.taskdefs.optional.junit.DOMUtil,745,2,False,744,,,,,,,
name.1_org.apache.tools.ant.taskdefs.optional.junit.Enumerations,745,2,False,744,,,,,,,
name.1_org.apache.tools.ant.taskdefs.optional.junit.FormatterElement,745,2,False,744,,,,,,,
name.1_org.apache.tools.ant.taskdefs.optional.junit.JUnitResultFormatter,745,2,False,744,,,,,,,
name.1_org.apache.tools.ant.taskdefs.optional.junit.JUnitTask,745,2,False,744,,,,,,,
name.1_org.apache.tools.ant.taskdefs.optional.junit.JUnitTaskMirror,745,2,False,744,,,,,,,
name.1_org.apache.tools.ant.taskdefs.optional.junit.JUnitTaskMirrorImpl,745,2,False,744,,,,,,,
name.1_org.apache.tools.ant.taskdefs.optional.junit.JUnitTestRunner,745,2,False,744,,,,,,,
name.1_org.apache.tools.ant.taskdefs.optional.junit.JUnitVersionHelper,745,2,False,744,,,,,,,
name.1_org.apache.tools.ant.taskdefs.optional.junit.OutErrSummaryJUnitResultFormatter,745,2,False,744,,,,,,,
name.1_org.apache.tools.ant.taskdefs.optional.junit.PlainJUnitResultFormatter,745,2,False,744,,,,,,,
name.1_org.apache.tools.ant.taskdefs.optional.junit.SummaryJUnitResultFormatter,745,2,False,744,,,,,,,
name.1_org.apache.tools.ant.taskdefs.optional.junit.XMLConstants,745,2,False,744,,,,,,,
name.1_org.apache.tools.ant.taskdefs.optional.junit.XMLJUnitResultFormatter,745,2,False,744,,,,,,,
name.1_org.apache.tools.ant.taskdefs.optional.junit.XMLResultAggregator,745,2,False,744,,,,,,,
name.1_org.apache.tools.ant.taskdefs.optional.junit.Xalan2Executor,745,2,False,744,,,,,,,
name.1_org.apache.tools.ant.taskdefs.optional.junit.XalanExecutor,745,2,False,744,,,,,,,
name.1_org.apache.tools.ant.taskdefs.optional.native2ascii.DefaultNative2Ascii,745,2,False,744,,,,,,,
name.1_org.apache.tools.ant.taskdefs.optional.native2ascii.KaffeNative2Ascii,745,2,False,744,,,,,,,
name.1_org.apache.tools.ant.taskdefs.optional.native2ascii.Native2AsciiAdapter,745,2,False,744,,,,,,,
name.1_org.apache.tools.ant.taskdefs.optional.native2ascii.Native2AsciiAdapterFactory,745,2,False,744,,,,,,,
name.1_org.apache.tools.ant.taskdefs.optional.native2ascii.SunNative2Ascii,745,2,False,744,,,,,,,
name.1_org.apache.tools.ant.taskdefs.optional.net.MimeMail,745,2,False,744,,,,,,,
name.1_org.apache.tools.ant.taskdefs.optional.net.SetProxy,745,2,False,744,,,,,,,
name.1_org.apache.tools.ant.taskdefs.optional.perforce.FStatP4OutputHandler,745,2,False,744,,,,,,,
name.1_org.apache.tools.ant.taskdefs.optional.perforce.P4Add,745,2,False,744,,,,,,,
name.1_org.apache.tools.ant.taskdefs.optional.perforce.P4Base,745,2,False,744,,,,,,,
name.1_org.apache.tools.ant.taskdefs.optional.perforce.P4Change,745,2,False,744,,,,,,,
name.1_org.apache.tools.ant.taskdefs.optional.perforce.P4Counter,745,2,False,744,,,,,,,
name.1_org.apache.tools.ant.taskdefs.optional.perforce.P4Delete,745,2,False,744,,,,,,,
name.1_org.apache.tools.ant.taskdefs.optional.perforce.P4Edit,745,2,False,744,,,,,,,
name.1_org.apache.tools.ant.taskdefs.optional.perforce.P4Fstat,745,2,False,744,,,,,,,
name.1_org.apache.tools.ant.taskdefs.optional.perforce.P4Handler,745,2,False,744,,,,,,,
name.1_org.apache.tools.ant.taskdefs.optional.perforce.P4HandlerAdapter,745,2,False,744,,,,,,,
name.1_org.apache.tools.ant.taskdefs.optional.perforce.P4Have,745,2,False,744,,,,,,,
name.1_org.apache.tools.ant.taskdefs.optional.perforce.P4Integrate,745,2,False,744,,,,,,,
name.1_org.apache.tools.ant.taskdefs.optional.perforce.P4Label,745,2,False,744,,,,,,,
name.1_org.apache.tools.ant.taskdefs.optional.perforce.P4Labelsync,745,2,False,744,,,,,,,
name.1_org.apache.tools.ant.taskdefs.optional.perforce.P4OutputHandler,745,2,False,744,,,,,,,
name.1_org.apache.tools.ant.taskdefs.optional.perforce.P4OutputStream,745,2,False,744,,,,,,,
name.1_org.apache.tools.ant.taskdefs.optional.perforce.P4Reopen,745,2,False,744,,,,,,,
name.1_org.apache.tools.ant.taskdefs.optional.perforce.P4Resolve,745,2,False,744,,,,,,,
name.1_org.apache.tools.ant.taskdefs.optional.perforce.P4Revert,745,2,False,744,,,,,,,
name.1_org.apache.tools.ant.taskdefs.optional.perforce.P4Submit,745,2,False,744,,,,,,,
name.1_org.apache.tools.ant.taskdefs.optional.perforce.P4Sync,745,2,False,744,,,,,,,
name.1_org.apache.tools.ant.taskdefs.optional.perforce.SimpleP4OutputHandler,745,2,False,744,,,,,,,
name.1_org.apache.tools.ant.taskdefs.optional.pvcs.Pvcs,745,2,False,744,,,,,,,
name.1_org.apache.tools.ant.taskdefs.optional.pvcs.PvcsProject,745,2,False,744,,,,,,,
name.1_org.apache.tools.ant.taskdefs.optional.script.ScriptDef,745,2,False,744,,,,,,,
name.1_org.apache.tools.ant.taskdefs.optional.script.ScriptDefBase,745,2,False,744,,,,,,,
name.1_org.apache.tools.ant.taskdefs.optional.sos.SOS,745,2,False,744,,,,,,,
name.1_org.apache.tools.ant.taskdefs.optional.sos.SOSCheckin,745,2,False,744,,,,,,,
name.1_org.apache.tools.ant.taskdefs.optional.sos.SOSCheckout,745,2,False,744,,,,,,,
name.1_org.apache.tools.ant.taskdefs.optional.sos.SOSCmd,745,2,False,744,,,,,,,
name.1_org.apache.tools.ant.taskdefs.optional.sos.SOSGet,745,2,False,744,,,,,,,
name.1_org.apache.tools.ant.taskdefs.optional.sos.SOSLabel,745,2,False,744,,,,,,,
name.1_org.apache.tools.ant.taskdefs.optional.sound.AntSoundPlayer,745,2,False,744,,,,,,,
name.1_org.apache.tools.ant.taskdefs.optional.sound.SoundTask,745,2,False,744,,,,,,,
name.1_org.apache.tools.ant.taskdefs.optional.splash.SplashScreen,745,2,False,744,,,,,,,
name.1_org.apache.tools.ant.taskdefs.optional.splash.SplashTask,745,2,False,744,,,,,,,
name.1_org.apache.tools.ant.taskdefs.optional.ssh.AbstractSshMessage,745,2,False,744,,,,,,,
name.1_org.apache.tools.ant.taskdefs.optional.ssh.Directory,745,2,False,744,,,,,,,
name.1_org.apache.tools.ant.taskdefs.optional.ssh.LogListener,745,2,False,744,,,,,,,
name.1_org.apache.tools.ant.taskdefs.optional.ssh.SSHBase,745,2,False,744,,,,,,,
name.1_org.apache.tools.ant.taskdefs.optional.ssh.SSHExec,745,2,False,744,,,,,,,
name.1_org.apache.tools.ant.taskdefs.optional.ssh.SSHUserInfo,745,2,False,744,,,,,,,
name.1_org.apache.tools.ant.taskdefs.optional.ssh.Scp,745,2,False,744,,,,,,,
name.1_org.apache.tools.ant.taskdefs.optional.ssh.ScpFromMessage,745,2,False,744,,,,,,,
name.1_org.apache.tools.ant.taskdefs.optional.ssh.ScpFromMessageBySftp,745,2,False,744,,,,,,,
name.1_org.apache.tools.ant.taskdefs.optional.ssh.ScpToMessage,745,2,False,744,,,,,,,
name.1_org.apache.tools.ant.taskdefs.optional.ssh.ScpToMessageBySftp,745,2,False,744,,,,,,,
name.1_org.apache.tools.ant.taskdefs.optional.unix.AbstractAccessTask,745,2,False,744,,,,,,,
name.1_org.apache.tools.ant.taskdefs.optional.unix.Chgrp,745,2,False,744,,,,,,,
name.1_org.apache.tools.ant.taskdefs.optional.unix.Chown,745,2,False,744,,,,,,,
name.1_org.apache.tools.ant.taskdefs.optional.unix.Symlink,745,2,False,744,,,,,,,
name.1_org.apache.tools.ant.taskdefs.optional.vss.MSVSS,745,2,False,744,,,,,,,
name.1_org.apache.tools.ant.taskdefs.optional.vss.MSVSSADD,745,2,False,744,,,,,,,
name.1_org.apache.tools.ant.taskdefs.optional.vss.MSVSSCHECKIN,745,2,False,744,,,,,,,
name.1_org.apache.tools.ant.taskdefs.optional.vss.MSVSSCHECKOUT,745,2,False,744,,,,,,,
name.1_org.apache.tools.ant.taskdefs.optional.vss.MSVSSCP,745,2,False,744,,,,,,,
name.1_org.apache.tools.ant.taskdefs.optional.vss.MSVSSCREATE,745,2,False,744,,,,,,,
name.1_org.apache.tools.ant.taskdefs.optional.vss.MSVSSConstants,745,2,False,744,,,,,,,
name.1_org.apache.tools.ant.taskdefs.optional.vss.MSVSSGET,745,2,False,744,,,,,,,
name.1_org.apache.tools.ant.taskdefs.optional.vss.MSVSSHISTORY,745,2,False,744,,,,,,,
name.1_org.apache.tools.ant.taskdefs.optional.vss.MSVSSLABEL,745,2,False,744,,,,,,,
name.1_org.apache.tools.ant.taskdefs.optional.windows.Attrib,745,2,False,744,,,,,,,
name.1_org.apache.tools.ant.taskdefs.rmic.DefaultRmicAdapter,745,2,False,744,,,,,,,
name.1_org.apache.tools.ant.taskdefs.rmic.ForkingSunRmic,745,2,False,744,,,,,,,
name.1_org.apache.tools.ant.taskdefs.rmic.KaffeRmic,745,2,False,744,,,,,,,
name.1_org.apache.tools.ant.taskdefs.rmic.RmicAdapter,745,2,False,744,,,,,,,
name.1_org.apache.tools.ant.taskdefs.rmic.RmicAdapterFactory,745,2,False,744,,,,,,,
name.1_org.apache.tools.ant.taskdefs.rmic.SunRmic,745,2,False,744,,,,,,,
name.1_org.apache.tools.ant.taskdefs.rmic.WLRmic,745,2,False,744,,,,,,,
name.1_org.apache.tools.ant.taskdefs.rmic.XNewRmic,745,2,False,744,,,,,,,
name.1_org.apache.tools.ant.types.AbstractFileSet,745,2,False,744,,,,,,,
name.1_org.apache.tools.ant.types.AntFilterReader,745,2,False,744,,,,,,,
name.1_org.apache.tools.ant.types.ArchiveFileSet,745,2,False,744,,,,,,,
name.1_org.apache.tools.ant.types.ArchiveScanner,745,2,False,744,,,,,,,
name.1_org.apache.tools.ant.types.Assertions,745,2,False,744,,,,,,,
name.1_org.apache.tools.ant.types.Commandline,745,2,False,744,,,,,,,
name.1_org.apache.tools.ant.types.CommandlineJava,745,2,False,744,,,,,,,
name.1_org.apache.tools.ant.types.Comparison,745,2,False,744,,,,,,,
name.1_org.apache.tools.ant.types.DTDLocation,745,2,False,744,,,,,,,
name.1_org.apache.tools.ant.types.DataType,745,2,False,744,,,,,,,
name.1_org.apache.tools.ant.types.Description,745,2,False,744,,,,,,,
name.1_org.apache.tools.ant.types.DirSet,745,2,False,744,,,,,,,
name.1_org.apache.tools.ant.types.EnumeratedAttribute,745,2,False,744,,,,,,,
name.1_org.apache.tools.ant.types.Environment,745,2,False,744,,,,,,,
name.1_org.apache.tools.ant.types.FileList,745,2,False,744,,,,,,,
name.1_org.apache.tools.ant.types.FileSet,745,2,False,744,,,,,,,
name.1_org.apache.tools.ant.types.FilterChain,745,2,False,744,,,,,,,
name.1_org.apache.tools.ant.types.FilterSet,745,2,False,744,,,,,,,
name.1_org.apache.tools.ant.types.FilterSetCollection,745,2,False,744,,,,,,,
name.1_org.apache.tools.ant.types.FlexInteger,745,2,False,744,,,,,,,
name.1_org.apache.tools.ant.types.LogLevel,745,2,False,744,,,,,,,
name.1_org.apache.tools.ant.types.Mapper,745,2,False,744,,,,,,,
name.1_org.apache.tools.ant.types.Parameter,745,2,False,744,,,,,,,
name.1_org.apache.tools.ant.types.Parameterizable,745,2,False,744,,,,,,,
name.1_org.apache.tools.ant.types.Path,745,2,False,744,,,,,,,
name.1_org.apache.tools.ant.types.PatternSet,745,2,False,744,,,,,,,
name.1_org.apache.tools.ant.types.Permissions,745,2,False,744,,,,,,,
name.1_org.apache.tools.ant.types.PropertySet,745,2,False,744,,,,,,,
name.1_org.apache.tools.ant.types.Quantifier,745,2,False,744,,,,,,,
name.1_org.apache.tools.ant.types.RedirectorElement,745,2,False,744,,,,,,,
name.1_org.apache.tools.ant.types.Reference,745,2,False,744,,,,,,,
name.1_org.apache.tools.ant.types.RegularExpression,745,2,False,744,,,,,,,
name.1_org.apache.tools.ant.types.Resource,745,2,False,744,,,,,,,
name.1_org.apache.tools.ant.types.ResourceCollection,745,2,False,744,,,,,,,
name.1_org.apache.tools.ant.types.ResourceFactory,745,2,False,744,,,,,,,
name.1_org.apache.tools.ant.types.ResourceLocation,745,2,False,744,,,,,,,
name.1_org.apache.tools.ant.types.Substitution,745,2,False,744,,,,,,,
name.1_org.apache.tools.ant.types.TarFileSet,745,2,False,744,,,,,,,
name.1_org.apache.tools.ant.types.TarScanner,745,2,False,744,,,,,,,
name.1_org.apache.tools.ant.types.TimeComparison,745,2,False,744,,,,,,,
name.1_org.apache.tools.ant.types.XMLCatalog,745,2,False,744,,,,,,,
name.1_org.apache.tools.ant.types.ZipFileSet,745,2,False,744,,,,,,,
name.1_org.apache.tools.ant.types.ZipScanner,745,2,False,744,,,,,,,
name.1_org.apache.tools.ant.types.mappers.FilterMapper,745,2,False,744,,,,,,,
name.1_org.apache.tools.ant.types.optional.AbstractScriptComponent,745,2,False,744,,,,,,,
name.1_org.apache.tools.ant.types.optional.ScriptCondition,745,2,False,744,,,,,,,
name.1_org.apache.tools.ant.types.optional.ScriptFilter,745,2,False,744,,,,,,,
name.1_org.apache.tools.ant.types.optional.ScriptMapper,745,2,False,744,,,,,,,
name.1_org.apache.tools.ant.types.optional.ScriptSelector,745,2,False,744,,,,,,,
name.1_org.apache.tools.ant.types.optional.depend.ClassfileSet,745,2,False,744,,,,,,,
name.1_org.apache.tools.ant.types.optional.depend.DependScanner,745,2,False,744,,,,,,,
name.1_org.apache.tools.ant.types.resolver.ApacheCatalog,745,2,False,744,,,,,,,
name.1_org.apache.tools.ant.types.resolver.ApacheCatalogResolver,745,2,False,744,,,,,,,
name.1_org.apache.tools.ant.types.resources.ArchiveResource,745,2,False,744,,,,,,,
name.1_org.apache.tools.ant.types.resources.BCFileSet,745,2,False,744,,,,,,,
name.1_org.apache.tools.ant.types.resources.BZip2Resource,745,2,False,744,,,,,,,
name.1_org.apache.tools.ant.types.resources.BaseResourceCollectionContainer,745,2,False,744,,,,,,,
name.1_org.apache.tools.ant.types.resources.BaseResourceCollectionWrapper,745,2,False,744,,,,,,,
name.1_org.apache.tools.ant.types.resources.CompressedResource,745,2,False,744,,,,,,,
name.1_org.apache.tools.ant.types.resources.Difference,745,2,False,744,,,,,,,
name.1_org.apache.tools.ant.types.resources.FailFast,745,2,False,744,,,,,,,
name.1_org.apache.tools.ant.types.resources.FileResource,745,2,False,744,,,,,,,
name.1_org.apache.tools.ant.types.resources.FileResourceIterator,745,2,False,744,,,,,,,
name.1_org.apache.tools.ant.types.resources.Files,745,2,False,744,,,,,,,
name.1_org.apache.tools.ant.types.resources.First,745,2,False,744,,,,,,,
name.1_org.apache.tools.ant.types.resources.GZipResource,745,2,False,744,,,,,,,
name.1_org.apache.tools.ant.types.resources.ImmutableResourceException,745,2,False,744,,,,,,,
name.1_org.apache.tools.ant.types.resources.Intersect,745,2,False,744,,,,,,,
name.1_org.apache.tools.ant.types.resources.JavaResource,745,2,False,744,,,,,,,
name.1_org.apache.tools.ant.types.resources.PropertyResource,745,2,False,744,,,,,,,
name.1_org.apache.tools.ant.types.resources.Resources,745,2,False,744,,,,,,,
name.1_org.apache.tools.ant.types.resources.Restrict,745,2,False,744,,,,,,,
name.1_org.apache.tools.ant.types.resources.Sort,745,2,False,744,,,,,,,
name.1_org.apache.tools.ant.types.resources.StringResource,745,2,False,744,,,,,,,
name.1_org.apache.tools.ant.types.resources.TarResource,745,2,False,744,,,,,,,
name.1_org.apache.tools.ant.types.resources.Tokens,745,2,False,744,,,,,,,
name.1_org.apache.tools.ant.types.resources.Touchable,745,2,False,744,,,,,,,
name.1_org.apache.tools.ant.types.resources.URLResource,745,2,False,744,,,,,,,
name.1_org.apache.tools.ant.types.resources.Union,745,2,False,744,,,,,,,
name.1_org.apache.tools.ant.types.resources.ZipResource,745,2,False,744,,,,,,,
name.1_org.apache.tools.ant.types.resources.comparators.Content,745,2,False,744,,,,,,,
name.1_org.apache.tools.ant.types.resources.comparators.Date,745,2,False,744,,,,,,,
name.1_org.apache.tools.ant.types.resources.comparators.DelegatedResourceComparator,745,2,False,744,,,,,,,
name.1_org.apache.tools.ant.types.resources.comparators.Exists,745,2,False,744,,,,,,,
name.1_org.apache.tools.ant.types.resources.comparators.FileSystem,745,2,False,744,,,,,,,
name.1_org.apache.tools.ant.types.resources.comparators.Name,745,2,False,744,,,,,,,
name.1_org.apache.tools.ant.types.resources.comparators.ResourceComparator,745,2,False,744,,,,,,,
name.1_org.apache.tools.ant.types.resources.comparators.Reverse,745,2,False,744,,,,,,,
name.1_org.apache.tools.ant.types.resources.comparators.Size,745,2,False,744,,,,,,,
name.1_org.apache.tools.ant.types.resources.comparators.Type,745,2,False,744,,,,,,,
name.1_org.apache.tools.ant.types.resources.selectors.And,745,2,False,744,,,,,,,
name.1_org.apache.tools.ant.types.resources.selectors.Compare,745,2,False,744,,,,,,,
name.1_org.apache.tools.ant.types.resources.selectors.Date,745,2,False,744,,,,,,,
name.1_org.apache.tools.ant.types.resources.selectors.Exists,745,2,False,744,,,,,,,
name.1_org.apache.tools.ant.types.resources.selectors.InstanceOf,745,2,False,744,,,,,,,
name.1_org.apache.tools.ant.types.resources.selectors.Majority,745,2,False,744,,,,,,,
name.1_org.apache.tools.ant.types.resources.selectors.Name,745,2,False,744,,,,,,,
name.1_org.apache.tools.ant.types.resources.selectors.None,745,2,False,744,,,,,,,
name.1_org.apache.tools.ant.types.resources.selectors.Not,745,2,False,744,,,,,,,
name.1_org.apache.tools.ant.types.resources.selectors.Or,745,2,False,744,,,,,,,
name.1_org.apache.tools.ant.types.resources.selectors.ResourceSelector,745,2,False,744,,,,,,,
name.1_org.apache.tools.ant.types.resources.selectors.ResourceSelectorContainer,745,2,False,744,,,,,,,
name.1_org.apache.tools.ant.types.resources.selectors.Size,745,2,False,744,,,,,,,
name.1_org.apache.tools.ant.types.resources.selectors.Type,745,2,False,744,,,,,,,
name.1_org.apache.tools.ant.types.selectors.AbstractSelectorContainer,745,2,False,744,,,,,,,
name.1_org.apache.tools.ant.types.selectors.AndSelector,745,2,False,744,,,,,,,
name.1_org.apache.tools.ant.types.selectors.BaseExtendSelector,745,2,False,744,,,,,,,
name.1_org.apache.tools.ant.types.selectors.BaseSelector,745,2,False,744,,,,,,,
name.1_org.apache.tools.ant.types.selectors.BaseSelectorContainer,745,2,False,744,,,,,,,
name.1_org.apache.tools.ant.types.selectors.ContainsRegexpSelector,745,2,False,744,,,,,,,
name.1_org.apache.tools.ant.types.selectors.ContainsSelector,745,2,False,744,,,,,,,
name.1_org.apache.tools.ant.types.selectors.DateSelector,745,2,False,744,,,,,,,
name.1_org.apache.tools.ant.types.selectors.DependSelector,745,2,False,744,,,,,,,
name.1_org.apache.tools.ant.types.selectors.DepthSelector,745,2,False,744,,,,,,,
name.1_org.apache.tools.ant.types.selectors.DifferentSelector,745,2,False,744,,,,,,,
name.1_org.apache.tools.ant.types.selectors.ExtendFileSelector,745,2,False,744,,,,,,,
name.1_org.apache.tools.ant.types.selectors.ExtendSelector,745,2,False,744,,,,,,,
name.1_org.apache.tools.ant.types.selectors.FileSelector,745,2,False,744,,,,,,,
name.1_org.apache.tools.ant.types.selectors.FilenameSelector,745,2,False,744,,,,,,,
name.1_org.apache.tools.ant.types.selectors.MajoritySelector,745,2,False,744,,,,,,,
name.1_org.apache.tools.ant.types.selectors.MappingSelector,745,2,False,744,,,,,,,
name.1_org.apache.tools.ant.types.selectors.NoneSelector,745,2,False,744,,,,,,,
name.1_org.apache.tools.ant.types.selectors.NotSelector,745,2,False,744,,,,,,,
name.1_org.apache.tools.ant.types.selectors.OrSelector,745,2,False,744,,,,,,,
name.1_org.apache.tools.ant.types.selectors.PresentSelector,745,2,False,744,,,,,,,
name.1_org.apache.tools.ant.types.selectors.SelectSelector,745,2,False,744,,,,,,,
name.1_org.apache.tools.ant.types.selectors.SelectorContainer,745,2,False,744,,,,,,,
name.1_org.apache.tools.ant.types.selectors.SelectorScanner,745,2,False,744,,,,,,,
name.1_org.apache.tools.ant.types.selectors.SelectorUtils,745,2,False,744,,,,,,,
name.1_org.apache.tools.ant.types.selectors.SignedSelector,745,2,False,744,,,,,,,
name.1_org.apache.tools.ant.types.selectors.SizeSelector,745,2,False,744,,,,,,,
name.1_org.apache.tools.ant.types.selectors.TypeSelector,745,2,False,744,,,,,,,
name.1_org.apache.tools.ant.types.selectors.modifiedselector.Algorithm,745,2,False,744,,,,,,,
name.1_org.apache.tools.ant.types.selectors.modifiedselector.Cache,745,2,False,744,,,,,,,
name.1_org.apache.tools.ant.types.selectors.modifiedselector.ChecksumAlgorithm,745,2,False,744,,,,,,,
name.1_org.apache.tools.ant.types.selectors.modifiedselector.DigestAlgorithm,745,2,False,744,,,,,,,
name.1_org.apache.tools.ant.types.selectors.modifiedselector.EqualComparator,745,2,False,744,,,,,,,
name.1_org.apache.tools.ant.types.selectors.modifiedselector.HashvalueAlgorithm,745,2,False,744,,,,,,,
name.1_org.apache.tools.ant.types.selectors.modifiedselector.ModifiedSelector,745,2,False,744,,,,,,,
name.1_org.apache.tools.ant.types.selectors.modifiedselector.PropertiesfileCache,745,2,False,744,,,,,,,
name.1_org.apache.tools.ant.types.spi.Provider,745,2,False,744,,,,,,,
name.1_org.apache.tools.ant.types.spi.Service,745,2,False,744,,,,,,,
name.1_org.apache.tools.ant.util.Base64Converter,745,2,False,744,,,,,,,
name.1_org.apache.tools.ant.util.ChainedMapper,745,2,False,744,,,,,,,
name.1_org.apache.tools.ant.util.ClasspathUtils,745,2,False,744,,,,,,,
name.1_org.apache.tools.ant.util.CollectionUtils,745,2,False,744,,,,,,,
name.1_org.apache.tools.ant.util.CompositeMapper,745,2,False,744,,,,,,,
name.1_org.apache.tools.ant.util.ConcatFileInputStream,745,2,False,744,,,,,,,
name.1_org.apache.tools.ant.util.ConcatResourceInputStream,745,2,False,744,,,,,,,
name.1_org.apache.tools.ant.util.ContainerMapper,745,2,False,744,,,,,,,
name.1_org.apache.tools.ant.util.DOMElementWriter,745,2,False,744,,,,,,,
name.1_org.apache.tools.ant.util.DOMUtils,745,2,False,744,,,,,,,
name.1_org.apache.tools.ant.util.DateUtils,745,2,False,744,,,,,,,
name.1_org.apache.tools.ant.util.DeweyDecimal,745,2,False,744,,,,,,,
name.1_org.apache.tools.ant.util.FileNameMapper,745,2,False,744,,,,,,,
name.1_org.apache.tools.ant.util.FileTokenizer,745,2,False,744,,,,,,,
name.1_org.apache.tools.ant.util.FileUtils,745,2,False,744,,,,,,,
name.1_org.apache.tools.ant.util.FlatFileNameMapper,745,2,False,744,,,,,,,
name.1_org.apache.tools.ant.util.GlobPatternMapper,745,2,False,744,,,,,,,
name.1_org.apache.tools.ant.util.IdentityMapper,745,2,False,744,,,,,,,
name.1_org.apache.tools.ant.util.IdentityStack,745,2,False,744,,,,,,,
name.1_org.apache.tools.ant.util.JAXPUtils,745,2,False,744,,,,,,,
name.1_org.apache.tools.ant.util.JavaEnvUtils,745,2,False,744,,,,,,,
name.1_org.apache.tools.ant.util.KeepAliveInputStream,745,2,False,744,,,,,,,
name.1_org.apache.tools.ant.util.KeepAliveOutputStream,745,2,False,744,,,,,,,
name.1_org.apache.tools.ant.util.LazyFileOutputStream,745,2,False,744,,,,,,,
name.1_org.apache.tools.ant.util.LazyHashtable,745,2,False,744,,,,,,,
name.1_org.apache.tools.ant.util.LeadPipeInputStream,745,2,False,744,,,,,,,
name.1_org.apache.tools.ant.util.LineOrientedOutputStream,745,2,False,744,,,,,,,
name.1_org.apache.tools.ant.util.LineTokenizer,745,2,False,744,,,,,,,
name.1_org.apache.tools.ant.util.LoaderUtils,745,2,False,744,,,,,,,
name.1_org.apache.tools.ant.util.MergingMapper,745,2,False,744,,,,,,,
name.1_org.apache.tools.ant.util.OutputStreamFunneler,745,2,False,744,,,,,,,
name.1_org.apache.tools.ant.util.PackageNameMapper,745,2,False,744,,,,,,,
name.1_org.apache.tools.ant.util.PropertyOutputStream,745,2,False,744,,,,,,,
name.1_org.apache.tools.ant.util.ProxySetup,745,2,False,744,,,,,,,
name.1_org.apache.tools.ant.util.ReaderInputStream,745,2,False,744,,,,,,,
name.1_org.apache.tools.ant.util.ReflectUtil,745,2,False,744,,,,,,,
name.1_org.apache.tools.ant.util.ReflectWrapper,745,2,False,744,,,,,,,
name.1_org.apache.tools.ant.util.RegexpPatternMapper,745,2,False,744,,,,,,,
name.1_org.apache.tools.ant.util.ResourceUtils,745,2,False,744,,,,,,,
name.1_org.apache.tools.ant.util.RetryHandler,745,2,False,744,,,,,,,
name.1_org.apache.tools.ant.util.Retryable,745,2,False,744,,,,,,,
name.1_org.apache.tools.ant.util.ScriptRunnerBase,745,2,False,744,,,,,,,
name.1_org.apache.tools.ant.util.ScriptRunnerCreator,745,2,False,744,,,,,,,
name.1_org.apache.tools.ant.util.ScriptRunnerHelper,745,2,False,744,,,,,,,
name.1_org.apache.tools.ant.util.SourceFileScanner,745,2,False,744,,,,,,,
name.1_org.apache.tools.ant.util.StringTokenizer,745,2,False,744,,,,,,,
name.1_org.apache.tools.ant.util.StringUtils,745,2,False,744,,,,,,,
name.1_org.apache.tools.ant.util.TaskLogger,745,2,False,744,,,,,,,
name.1_org.apache.tools.ant.util.TeeOutputStream,745,2,False,744,,,,,,,
name.1_org.apache.tools.ant.util.TimeoutObserver,745,2,False,744,,,,,,,
name.1_org.apache.tools.ant.util.Tokenizer,745,2,False,744,,,,,,,
name.1_org.apache.tools.ant.util.UUEncoder,745,2,False,744,,,,,,,
name.1_org.apache.tools.ant.util.UnPackageNameMapper,745,2,False,744,,,,,,,
name.1_org.apache.tools.ant.util.Watchdog,745,2,False,744,,,,,,,
name.1_org.apache.tools.ant.util.WeakishReference,745,2,False,744,,,,,,,
name.1_org.apache.tools.ant.util.XMLFragment,745,2,False,744,,,,,,,
name.1_org.apache.tools.ant.util.XmlConstants,745,2,False,744,,,,,,,
name.1_org.apache.tools.ant.util.depend.AbstractAnalyzer,745,2,False,744,,,,,,,
name.1_org.apache.tools.ant.util.depend.DependencyAnalyzer,745,2,False,744,,,,,,,
name.1_org.apache.tools.ant.util.depend.bcel.AncestorAnalyzer,745,2,False,744,,,,,,,
name.1_org.apache.tools.ant.util.depend.bcel.DependencyVisitor,745,2,False,744,,,,,,,
name.1_org.apache.tools.ant.util.depend.bcel.FullAnalyzer,745,2,False,744,,,,,,,
name.1_org.apache.tools.ant.util.facade.FacadeTaskHelper,745,2,False,744,,,,,,,
name.1_org.apache.tools.ant.util.facade.ImplementationSpecificArgument,745,2,False,744,,,,,,,
name.1_org.apache.tools.ant.util.java15.ProxyDiagnostics,745,2,False,744,,,,,,,
name.1_org.apache.tools.ant.util.optional.JavaxScriptRunner,745,2,False,744,,,,,,,
name.1_org.apache.tools.ant.util.optional.NoExitSecurityManager,745,2,False,744,,,,,,,
name.1_org.apache.tools.ant.util.optional.WeakishReference12,745,2,False,744,,,,,,,
name.1_org.apache.tools.ant.util.regexp.JakartaOroMatcher,745,2,False,744,,,,,,,
name.1_org.apache.tools.ant.util.regexp.JakartaOroRegexp,745,2,False,744,,,,,,,
name.1_org.apache.tools.ant.util.regexp.JakartaRegexpMatcher,745,2,False,744,,,,,,,
name.1_org.apache.tools.ant.util.regexp.JakartaRegexpRegexp,745,2,False,744,,,,,,,
name.1_org.apache.tools.ant.util.regexp.Jdk14RegexpMatcher,745,2,False,744,,,,,,,
name.1_org.apache.tools.ant.util.regexp.Jdk14RegexpRegexp,745,2,False,744,,,,,,,
name.1_org.apache.tools.ant.util.regexp.Regexp,745,2,False,744,,,,,,,
name.1_org.apache.tools.ant.util.regexp.RegexpFactory,745,2,False,744,,,,,,,
name.1_org.apache.tools.ant.util.regexp.RegexpMatcher,745,2,False,744,,,,,,,
name.1_org.apache.tools.ant.util.regexp.RegexpMatcherFactory,745,2,False,744,,,,,,,
name.1_org.apache.tools.ant.util.regexp.RegexpUtil,745,2,False,744,,,,,,,
name.1_org.apache.tools.bzip2.BZip2Constants,745,2,False,744,,,,,,,
name.1_org.apache.tools.bzip2.CBZip2InputStream,745,2,False,744,,,,,,,
name.1_org.apache.tools.bzip2.CBZip2OutputStream,745,2,False,744,,,,,,,
name.1_org.apache.tools.bzip2.CRC,745,2,False,744,,,,,,,
name.1_org.apache.tools.mail.ErrorInQuitException,745,2,False,744,,,,,,,
name.1_org.apache.tools.mail.MailMessage,745,2,False,744,,,,,,,
name.1_org.apache.tools.mail.MailPrintStream,745,2,False,744,,,,,,,
name.1_org.apache.tools.mail.SmtpResponseReader,745,2,False,744,,,,,,,
name.1_org.apache.tools.tar.TarBuffer,745,2,False,744,,,,,,,
name.1_org.apache.tools.tar.TarConstants,745,2,False,744,,,,,,,
name.1_org.apache.tools.tar.TarEntry,745,2,False,744,,,,,,,
name.1_org.apache.tools.tar.TarInputStream,745,2,False,744,,,,,,,
name.1_org.apache.tools.tar.TarOutputStream,745,2,False,744,,,,,,,
name.1_org.apache.tools.tar.TarUtils,745,2,False,744,,,,,,,
name.1_org.apache.tools.zip.AsiExtraField,745,2,False,744,,,,,,,
name.1_org.apache.tools.zip.ExtraFieldUtils,745,2,False,744,,,,,,,
name.1_org.apache.tools.zip.JarMarker,745,2,False,744,,,,,,,
name.1_org.apache.tools.zip.UnixStat,745,2,False,744,,,,,,,
name.1_org.apache.tools.zip.UnrecognizedExtraField,745,2,False,744,,,,,,,
name.1_org.apache.tools.zip.ZipEntry,745,2,False,744,,,,,,,
name.1_org.apache.tools.zip.ZipExtraField,745,2,False,744,,,,,,,
name.1_org.apache.tools.zip.ZipFile,745,2,False,744,,,,,,,
name.1_org.apache.tools.zip.ZipLong,745,2,False,744,,,,,,,
name.1_org.apache.tools.zip.ZipOutputStream,745,2,False,744,,,,,,,
name.1_org.apache.tools.zip.ZipShort,745,2,False,744,,,,,,,
